Business Name,Contact Person,Email,Phone,Website,Industry,State,City,Fleet Size,Source
Fruithault,,info@fruithault.com.au,07 5495 6777,,Transport & Logistics,QLD,Caboolture,0,TrueLocal
SUPPORT VEHICLES AUSTRALIA 08 9279 1323 Bassendean,,info@supportvehiclesaustralia0.com.au,,,Transport & Logistics,WA,Bassendean,0,Yellow Pages
Road Trains Of Australia Pty Ltd 08 9192 6188 Minyirr,,info@roadtrainsofaustraliaptyl.com.au,,,Transport & Logistics,WA,Minyirr,0,Yellow Pages
Mobitow Geraldton 6 Rich Maslen Street Narngulu,,info@mobitowgeraldton6richmasl.com.au,,,Transport & Logistics,WA,Narngulu,0,Yellow Pages
Land Transport 08 6330 3600 Maddington,,info@landtransport0863303600ma.com.au,,,Transport & Logistics,WA,Maddington,0,Yellow Pages
Balticore Hiab & Tilt Tray,,info@balticorehiabtilttray.com.au,0432 808 137,,Transport & Logistics,WA,Belmont,0,Yellow Pages
City Panel Beaters Truck Repairs Pty Ltd 08 6150 5758 Bayswater,,info@citypanelbeaterstruckrepa.com.au,,,Transport & Logistics,WA,Bayswater,0,Yellow Pages
Midwest Sand Supplies 08 9923 1372 Webberton,,info@midwestsandsupplies089923.com.au,,,Transport & Logistics,WA,Webberton,0,Yellow Pages
D & D Transport 08 9681 1117 Wyalkatchem,,info@ddtransport0896811117wyal.com.au,,,Transport & Logistics,WA,Wyalkatchem,0,Yellow Pages
Auhls Transport 08 9671 1213 Wongan Hills,,info@auhlstransport0896711213w.com.au,,,Transport & Logistics,WA,Hills,0,Yellow Pages
Doolan's Heavy Haulage Pty Ltd 08 9452 0595 Maddington,,info@doolansheavyhaulageptyltd.com.au,,,Transport & Logistics,WA,Maddington,0,Yellow Pages
Carbone Bros Pty Ltd 08 9726 1178 Brunswick,,info@carbonebrosptyltd08972611.com.au,,,Transport & Logistics,WA,Brunswick,0,Yellow Pages
Collie Towing,,info@collietowing.com.au,0429 342 600,,Transport & Logistics,WA,Collie,0,Yellow Pages
Lampson Megalift Cranes and Transport 08 9571 0799 Muchea,,info@lampsonmegaliftcranesandt.com.au,,,Transport & Logistics,WA,Muchea,0,Yellow Pages
CB Haulage Contractor Pty Ltd,,info@cbhaulagecontractorptyltd.com.au,0409 200 708,,Transport & Logistics,WA,Muchea,0,Yellow Pages
Peel Tilt and Crane Transport,,info@peeltiltandcranetransport.com.au,0429 871 143,,Transport & Logistics,WA,Greenfields,0,Yellow Pages
Black Swan Towing And Transport 08 6150 5899 Wangara,,info@blackswantowingandtranspo.com.au,,,Transport & Logistics,WA,Wangara,0,Yellow Pages
DSM Mechanical Pty Ltd,,info@dsmmechanicalptyltd.com.au,0400 201 977,,Transport & Logistics,WA,Milpara,0,Yellow Pages
Baaz Heavy Towing WA,,info@baazheavytowingwa.com.au,0487 008 009,,Transport & Logistics,WA,Wycombe,0,Yellow Pages
Support Vehicles Australia Pty,,info@supportvehiclesaustraliap.com.au,0447 219 934,,Transport & Logistics,WA,Bayswater,0,Yellow Pages
Capital Transport Services,,info@capitaltransportservices.com.au,13 1480,,Transport & Logistics,WA,Wycombe,0,Yellow Pages
AUTO MOVER AUSTRALIA PTY LTD 08 9459 2519 Maddington,,info@automoveraustraliaptyltd0.com.au,,,Transport & Logistics,WA,Maddington,0,Yellow Pages
MA & PA TRUCK TRANSPORT PTY LTD,,info@mapatrucktransportptyltd.com.au,0439 904 125,,Transport & Logistics,WA,,0,Yellow Pages
Penn's Cartage Contractors 08 9021 1230 Somerville,,info@pennscartagecontractors08.com.au,,,Transport & Logistics,WA,Somerville,0,Yellow Pages
Coastal Midwest Transport 08 9093 1222 South Boulder,,info@coastalmidwesttransport08.com.au,,,Transport & Logistics,WA,Boulder,0,Yellow Pages
Peter Tippett Haulage 08 9183 8592 Karratha Industrial Estate,,info@petertippetthaulage089183.com.au,,,Transport & Logistics,WA,Estate,0,Yellow Pages
Vant Veer C & A J & Son,,info@vantveercajson.com.au,0427 541 193,,Transport & Logistics,WA,Springs,0,Yellow Pages
R P Johns & Co 08 9952 1112 Coorow,,info@rpjohnsco0899521112coorow.com.au,,,Transport & Logistics,WA,Coorow,0,Yellow Pages
Bishop's Transport,,info@bishopstransport.com.au,0477 990 1919,,Transport & Logistics,WA,Minyirr,0,Yellow Pages
Phelps Transport 08 9938 1884 Moresby,,info@phelpstransport0899381884.com.au,,,Transport & Logistics,WA,Moresby,0,Yellow Pages
Rapid Haulage,,info@rapidhaulage.com.au,08 8241 4100,,Transport & Logistics,SA,Largs Bay,0,Yellow Pages
MGS Tilt Tray & Towing,,info@mgstilttraytowing.com.au,0438 866 352,,Transport & Logistics,SA,,0,Yellow Pages
Land Transport,,info@landtransport.com.au,08 8168 2888,,Transport & Logistics,SA,Wingfield,0,Yellow Pages
JEC Transport Darwin,,info@jectransportdarwin.com.au,08 8947 1870,,Transport & Logistics,NT,,0,Yellow Pages
Fawcett Cattle Company,,info@fawcettcattlecompany.com.au,08 8976 7040,,Transport & Logistics,NT,Adelaide River,0,Yellow Pages
NT Heavy Haulage,,info@ntheavyhaulage.com.au,0417 807 800,,Transport & Logistics,NT,Pinelands,0,Yellow Pages
Cadillac Transport Repairs,,info@cadillactransportrepairs.com.au,08 8984 3922,,Transport & Logistics,NT,Winnellie,0,Yellow Pages
ABC Transport Pty Ltd,,info@abctransportptyltd.com.au,08 8952 7717,,Transport & Logistics,NT,Ciccone,0,Yellow Pages
Alice Bush Haulage & Mining Services,,info@alicebushhaulageminingser.com.au,08 8952 7648,,Transport & Logistics,NT,Ross,0,Yellow Pages
Northern Heavy Haulage,,info@northernheavyhaulage.com.au,0488 944 177,,Transport & Logistics,NT,Yarrawonga,0,Yellow Pages
Border Express Pty Ltd,,info@borderexpressptyltd.com.au,08 8944 5200,,Transport & Logistics,NT,East Arm,0,Yellow Pages
Ostojic Transport Pty Ltd And Earthmoving,,info@ostojictransportptyltdand.com.au,08 8999 9999,,Transport & Logistics,NT,Berrimah,0,Yellow Pages
Pandion Haulage Pty Ltd,,info@pandionhaulageptyltd.com.au,08 8947 4040,,Transport & Logistics,NT,Berrimah,0,Yellow Pages
DNA Transport Pty Ltd,,info@dnatransportptyltd.com.au,0417 838 342,,Transport & Logistics,NT,Darwin,0,Yellow Pages
Tough Terrain Transport,,info@toughterraintransport.com.au,08 8947 2755,,Transport & Logistics,NT,Knuckey Lagoon,0,Yellow Pages
PJS Customs & Forwarding Pty Ltd,,info@pjscustomsforwardingptylt.com.au,08 8947 2575,,Transport & Logistics,NT,Berrimah,0,Yellow Pages
Rossy's Tilt Tray Hire,,info@rossystilttrayhire.com.au,0457 888 778,,Transport & Logistics,NT,,0,Yellow Pages
AJ&M Crane Trucks And Transport,,info@ajmcranetrucksandtranspor.com.au,0408 568 235,,Transport & Logistics,TAS,Stowport,0,Yellow Pages
Quinn N W & C M Transport,,info@quinnnwcmtransport.com.au,0419 652 608,,Transport & Logistics,TAS,,0,Yellow Pages
Tas Truck Refinishing,,info@tastruckrefinishing.com.au,03 6327 8716,,Transport & Logistics,TAS,,0,Yellow Pages
Thorne Contracting Pty Ltd,,info@thornecontractingptyltd.com.au,03 6383 4277,,Transport & Logistics,TAS,Sidmouth,0,Yellow Pages
Rainbirds Transport,,info@rainbirdstransport.com.au,03 6261 2306,,Transport & Logistics,TAS,Magra,0,Yellow Pages
Elliott's Crane Hire Pty Ltd,,info@elliottscranehireptyltd.com.au,1300 933 917,,Transport & Logistics,TAS,,0,Yellow Pages
De Bruyn's Transport Pty Ltd,,info@debruynstransportptyltd.com.au,03 6430 2300,,Transport & Logistics,TAS,Wivenhoe,0,Yellow Pages
De Bruyn's Transport,,info@debruynstransport.com.au,03 6427 5200,,Transport & Logistics,TAS,Wesley Vale,0,Yellow Pages
Two Way Taxi Trucks,,info@twowaytaxitrucks.com.au,0136 273 1000,,Transport & Logistics,TAS,Moonah,0,Yellow Pages
Lucas Transport Services,,info@lucastransportservices.com.au,03 6121 4694,,Transport & Logistics,TAS,,0,Yellow Pages
Transport Sales & Hire Pty Ltd,,info@transportsaleshireptyltd.com.au,0418 581 433,,Transport & Logistics,TAS,Quoiba,0,Yellow Pages
Recab Bulk Distribution,,info@recabbulkdistribution.com.au,03 6391 8370,,Transport & Logistics,TAS,Western Junction,0,Yellow Pages
Walkden Les Transport,,info@walkdenlestransport.com.au,03 6344 6664,,Transport & Logistics,TAS,Youngtown,0,Yellow Pages
Gibson D J & R K,,info@gibsondjrk.com.au,0408 130 361,,Transport & Logistics,TAS,Bridgenorth,0,Yellow Pages
T & H Investments,,info@thinvestments.com.au,0428 140 403,,Transport & Logistics,TAS,St Leonards,0,Yellow Pages
Kellara Transport,,info@kellaratransport.com.au,0418 131 488,,Transport & Logistics,TAS,Rocherlea,0,Yellow Pages
TURNERS MARSH HAULAGE,,info@turnersmarshhaulage.com.au,0427 727 842,,Transport & Logistics,TAS,Turners Marsh,0,Yellow Pages
Barry Walsh Transport,,info@barrywalshtransport.com.au,03 6425 4112,,Transport & Logistics,TAS,Gawler,0,Yellow Pages
Wright R J & A J,,info@wrightrjaj.com.au,03 6425 2163,,Transport & Logistics,TAS,Ulverstone,0,Yellow Pages
Bruny Island Freighting Service,,info@brunyislandfreightingserv.com.au,0428 975 408,,Transport & Logistics,TAS,South Bruny,0,Yellow Pages
Norton Transport Pty Ltd,,info@nortontransportptyltd.com.au,03 6431 6680,,Transport & Logistics,TAS,South Burnie,0,Yellow Pages
Stagoll Transport,,info@stagolltransport.com.au,03 6352 2457,,Transport & Logistics,TAS,Scottsdale,0,Yellow Pages
PJ & MA Cowmeadow,,info@pjmacowmeadow.com.au,0408 136 369,,Transport & Logistics,TAS,Port Huon,0,Yellow Pages
Doyle J.M. & C.J.,,info@doylejmcj.com.au,0417 121 832,,Transport & Logistics,TAS,Cygnet,0,Yellow Pages
Chris Barnette Contracting,,info@chrisbarnettecontracting.com.au,0427 548 378,,Transport & Logistics,TAS,Lunawanna,0,Yellow Pages
Vertigan D J & N F,,info@vertigandjnf.com.au,0417 036 627,,Transport & Logistics,TAS,,0,Yellow Pages
Cooley's Transport Pty Ltd,,info@cooleystransportptyltd.com.au,0419 780 026,,Transport & Logistics,TAS,Brighton,0,Yellow Pages
Davis Steve,,info@davissteve.com.au,03 6295 1426,,Transport & Logistics,TAS,,0,Yellow Pages
